latitude,longitude,brightness,scan,track,acq_date,acq_time,satellite,instrument,confidence,version,bright_t31,frp,daynight,type
22.43182,76.84643,332.61,0.39,0.44,2022-02-05,0824,N20,VIIRS,n,2,301.33,1.98,D,0
22.41969,76.81817,334.86,0.4,0.6,2022-03-24,0844,N20,VIIRS,l,2,306.32,3.02,D,0
22.41341,76.81041,351.25,0.63,0.54,2022-03-28,0728,N20,VIIRS,n,2,314.92,16.07,D,0
22.4183,76.80926,349.92,0.63,0.54,2022-03-28,0728,N20,VIIRS,n,2,318.55,16.07,D,0
22.43185,76.82478,342.08,0.63,0.54,2022-03-28,0728,N20,VIIRS,n,2,316.61,7.2,D,0
22.38167,76.79666,317.45,0.32,0.55,2022-03-28,1957,N20,VIIRS,n,2,297.28,1.34,N,0
22.38134,76.79985,310.68,0.32,0.55,2022-03-28,1957,N20,VIIRS,n,2,297.84,1.34,N,0
22.38101,76.80303,317.82,0.32,0.55,2022-03-28,1957,N20,VIIRS,n,2,297.56,1.93,N,0
22.37663,76.79602,310.19,0.32,0.55,2022-03-28,1957,N20,VIIRS,n,2,297.07,1.34,N,0
22.3936,76.77219,348.91,0.39,0.36,2022-04-22,0800,N20,VIIRS,l,2,316.31,8.69,D,0
22.3975,76.77532,346.14,0.39,0.36,2022-04-22,0800,N20,VIIRS,l,2,315.73,4.42,D,0
22.4014,76.77847,341.56,0.39,0.36,2022-04-22,0800,N20,VIIRS,l,2,315.57,4.42,D,0
22.40081,76.77472,342.72,0.39,0.36,2022-04-22,0800,N20,VIIRS,l,2,315.76,4.42,D,0
22.40412,76.77412,349.78,0.39,0.36,2022-04-22,0800,N20,VIIRS,n,2,316.88,13.04,D,0
22.39729,76.77866,319.78,0.39,0.36,2022-04-22,2029,N20,VIIRS,n,2,295.77,2.53,N,0
22.39397,76.77808,307.86,0.39,0.36,2022-04-22,2029,N20,VIIRS,n,2,294.43,1.33,N,0
22.41171,76.83358,300.89,0.39,0.44,2023-03-12,2053,N20,VIIRS,n,2,277.99,0.28,N,0
22.41498,76.77873,339.43,0.4,0.44,2023-03-25,0741,N20,VIIRS,n,2,306.01,3.09,D,0
22.38364,76.81741,305,0.5,0.41,2023-04-15,2016,N20,VIIRS,n,2,273.8,0.58,N,0
22.37992,76.81681,295.16,0.5,0.41,2023-04-15,2016,N20,VIIRS,n,2,273.26,0.58,N,0
22.4215,76.77564,354.24,0.42,0.38,2023-04-19,0813,N20,VIIRS,n,2,313.56,9.21,D,0
22.42384,76.77403,338.22,0.42,0.38,2023-06-06,0813,N20,VIIRS,n,2,304.92,5.6,D,0
22.37561,76.80614,317.75,0.39,0.59,2023-11-22,2112,N20,VIIRS,n,2,290.97,1.64,N,0
22.37852,76.80647,308.42,0.39,0.59,2023-11-22,2112,N20,VIIRS,n,2,288.98,0.43,N,0
22.3777,76.81021,302.2,0.39,0.59,2023-11-22,2112,N20,VIIRS,n,2,289.43,0.84,N,0
22.37483,76.81188,330.24,0.39,0.36,2023-12-21,0800,N20,VIIRS,n,2,296.37,4.55,D,0
22.39838,76.84764,337.26,0.41,0.37,2024-05-12,0754,N20,VIIRS,l,2,306.58,67.32,D,0
22.41949,76.81245,336.71,0.5,0.65,2025-03-25,0848,N20,VIIRS,n,2,310.75,4.79,D,0
22.41784,76.78098,340.1,0.42,0.37,2025-03-27,0810,N20,VIIRS,l,2,312.92,5.12,D,0
22.42776,76.8277,300.02,0.52,0.5,2025-03-29,2001,N20,VIIRS,n,2,289.66,0.57,N,0
22.41792,76.78149,310.46,0.42,0.61,2025-04-04,1948,N20,VIIRS,n,2,291.99,1.44,N,0
22.40854,76.77875,351.96,0.51,0.41,2025-04-08,0745,N20,VIIRS,n,2,319.41,15.53,D,0
22.40443,76.77702,321.49,0.33,0.55,2025-04-09,1954,N20,VIIRS,n,2,294.16,2.43,N,0
22.39149,76.76068,310.39,0.47,0.64,2025-04-10,2116,N20,VIIRS,n,2,294.3,3.56,N,0
22.43049,76.8221,310.76,0.39,0.36,2025-04-18,2026,N20,VIIRS,n,2,296.22,1.07,N,0
22.43538,76.82797,304.04,0.41,0.45,2025-04-19,2007,N20,VIIRS,n,2,293.78,0.81,N,0
22.39964,76.77591,327.79,0.39,0.36,2025-04-23,2033,N20,VIIRS,n,2,298.02,3.31,N,0
22.39634,76.7753,333.83,0.39,0.36,2025-04-23,2033,N20,VIIRS,n,2,297.9,3.31,N,0
22.39574,76.77901,330.03,0.39,0.36,2025-04-23,2033,N20,VIIRS,n,2,298.63,4.02,N,0
22.40145,76.79967,304.43,0.49,0.41,2026-03-10,2018,N20,VIIRS,n,2,292.95,1.15,N,0
22.42461,76.82675,304.1,0.42,0.38,2026-03-14,2043,N20,VIIRS,n,2,289.98,0.71,N,0
22.42956,76.7776,318.29,0.42,0.38,2026-03-14,2043,N20,VIIRS,n,2,289.71,1.17,N,0
22.43944,76.78802,301.71,0.5,0.49,2026-03-16,2005,N20,VIIRS,n,2,285.13,1.54,N,0
22.4374,76.79028,308.68,0.5,0.49,2026-03-16,2005,N20,VIIRS,n,2,285.95,1.2,N,0
22.39207,76.7754,336.41,0.32,0.55,2026-03-18,0840,N20,VIIRS,l,2,307.35,5.22,D,0
22.41867,76.78175,330.24,0.39,0.59,2026-03-22,0724,N20,VIIRS,n,2,299.37,2.51,D,0
22.41693,76.77879,337.86,0.4,0.45,2026-03-24,0827,N20,VIIRS,n,2,307.52,5.96,D,0
22.39773,76.80071,343.18,0.39,0.36,2026-03-25,0808,N20,VIIRS,n,2,312.69,4.83,D,0
22.40104,76.80016,349.21,0.39,0.36,2026-03-25,0808,N20,VIIRS,n,2,313.04,4.83,D,0
22.38894,76.77978,338.2,0.5,0.49,2026-03-29,0834,N20,VIIRS,n,2,304.3,4.81,D,0
22.42096,76.80217,338.78,0.43,0.38,2026-03-30,0815,N20,VIIRS,l,2,313.03,5.02,D,0
22.38658,76.76927,338.86,0.42,0.38,2026-03-31,0756,N20,VIIRS,l,2,311.29,6.71,D,0
22.39001,76.76862,348.35,0.42,0.38,2026-03-31,0756,N20,VIIRS,n,2,312.15,6.71,D,0
22.38934,76.76457,338.83,0.42,0.38,2026-03-31,0756,N20,VIIRS,l,2,312.69,10.68,D,0
22.42182,76.7717,339.76,0.42,0.38,2026-03-31,0756,N20,VIIRS,n,2,310.65,4.59,D,0
22.38625,76.77599,334.13,0.49,0.49,2026-04-01,0737,N20,VIIRS,l,2,307.43,5.3,D,0
22.39413,76.76937,355.75,0.49,0.49,2026-04-01,0737,N20,VIIRS,n,2,308.62,14.2,D,0
22.37746,76.76101,339.93,0.39,0.36,2026-04-05,0802,N20,VIIRS,n,2,313.26,3.46,D,0
22.39467,76.77707,348.4,0.51,0.66,2026-04-13,0852,N20,VIIRS,n,2,308.51,8.24,D,0
22.39569,76.77999,345.74,0.51,0.66,2026-04-13,0852,N20,VIIRS,n,2,308.53,7.14,D,0
22.39528,76.77489,335.91,0.51,0.66,2026-04-13,0852,N20,VIIRS,l,2,307.95,5.68,D,0
22.3976,76.78149,314.16,0.49,0.48,2026-04-14,2102,N20,VIIRS,n,2,295.9,2.64,N,0
22.43182,76.82761,304.27,0.39,0.59,2026-04-24,2114,N20,VIIRS,n,2,294.09,1.04,N,0
22.40261,76.76445,311.38,0.39,0.36,2026-04-26,2037,N20,VIIRS,n,2,296.99,4.29,N,0
22.40614,76.76751,346.46,0.5,0.41,2026-04-27,0750,N20,VIIRS,l,2,314.71,9.03,D,0
22.41995,76.77002,332.78,0.63,0.72,2026-05-04,0859,N20,VIIRS,n,2,302,5.05,D,0
